[
  {
    "id": 1,
    "img": "https://user-images.githubusercontent.com/41929050/61567048-13938600-aa33-11e9-9cfd-712191013192.jpeg",
    "name": "Product3",
    "price": 90.00
  },
  {
    "id": 2,
    "img": "https://user-images.githubusercontent.com/41929050/61567048-13938600-aa33-11e9-9cfd-712191013192.jpeg",
    "name": "Product3",
    "price": 90.00
  },
  {
    "id": 3,
    "img": "https://user-images.githubusercontent.com/41929050/61567048-13938600-aa33-11e9-9cfd-712191013192.jpeg",
    "name": "Product3",
    "price": 90.00
  },
  {
    "id": 4,
    "img": "https://user-images.githubusercontent.com/41929050/61567048-13938600-aa33-11e9-9cfd-712191013192.jpeg",
    "name": "Product3",
    "price": 90.00
  }
]